"00865a99-243a-4684-9f55-c112f16a340c",import
"070e1986-709f-4c2d-be36-3a604f6e29ff",import
"079144ec-7d2e-4d80-9ad5-b190ffb8f0ec",import
"09fac440-3c3b-4a64-a9f7-e3c3cac97d99",import
"0d0beaf2-f2f1-4a5b-b433-8ff17d0d7308",import
"109deb55-71a9-4317-91c9-36cc1cd7f47b",import
"17cd068b-29f7-4715-a07b-b8dd42781b28",import
"1b6accce-817c-4e9d-bd20-31b13736316f",import
"24ac7a7b-a462-40ac-ac64-77cd4adacc37",import
"2da8ee48-c0d1-416a-a573-588282c64a0d",import
"32453220-2cf5-425b-b621-a3c6f4bf4b34",import
"3eda9972-6c07-4918-84b8-393e6589c41f",import
"40a882df-33a5-4cd5-af6b-479d4221b2f8",import
"4c7bc1a9-fb7b-4ccf-aa6b-f4edeb16e8a4",import
"4c89a993-76c2-4f40-a3b4-30dfb5701616",import
"5591ce9d-b989-43a2-88ef-ae290998ae06",import
"5c7c9d78-9568-4a62-b716-bcd782b3f852",mixed_strategy_build
"6c4f7356-c2ab-4df8-b063-b7b54401602f",import
"6cb94d2d-5189-429e-bfac-8ddf422788d3",import
"722f2e0d-bdf9-4ef9-81c4-83a3cdd28706",import
"74bf641d-c93a-4b43-8e2d-d4c20ef57644",import
"763330b7-4678-4f50-8457-993212eb3b46",import
"769be68a-cad0-4d84-bcd9-fc698480ddfb",import
"78635f00-7df6-46d9-a63d-5562aecc93e7",import
"7c4e3698-a2c2-41e2-ac41-38323847c3e1",import
"85c75f42-23c8-4146-b498-8b3c61d8997c",import
"89806258-8f73-46ec-9010-d52f6606008c",import
"944ece8e-a8f8-4338-b905-26092498facd",import
"963c6cad-89aa-4219-8d3f-6a7ecb4e59ed",import
"9699a220-8ba0-4ddb-a5ec-84493755d498",import
"98445bce-9b0b-4f48-aa37-37b04eb3b8ee",import
"985ff01c-f48e-43b6-b384-7407a5c2648b",import
"9d268269-2bb2-4625-adc9-480b37e9e642",import
"9d2b3e83-e50b-4a6d-89c5-e08c109ab6a7",import
"9fc4964b-d95a-40c5-b796-5063fa43460f",import
a66d9d00-c512-4731-8e65-d81d92c1665a,import
ab27cfb0-489c-42e0-bfc1-79845af94cf5,import
b3e4232f-456f-4247-9c6a-150cc7669003,import
b413b03a-0cc1-409d-9eea-32f795a952d9,import
c1159912-c0f2-472c-9980-127890be30af,import
c8ed3829-65be-47a1-bfed-d9307ddc50bd,import
d49973ca-5e5a-4732-a5db-8061d97ce2f6,import
d90f27c4-792c-41b6-a0df-0e10bcb8e995,import
daf16092-3fa0-4f14-b506-719191020ef0,import
dc84f964-f1d9-48a0-ad08-25ed25201254,import
df1288e1-fb4d-4401-8eaa-38b0c31e7157,import
e3bcff2a-87b4-4ee0-8617-5cd4fda91bad,import
e4ed3725-dfd5-45ee-b5b7-c103e8e43737,import
e5658170-4544-41e7-972e-b705685f7818,import
e5a7a144-340f-4455-91ba-5f31e9b47067,import
e68e533c-1000-4aa3-91dc-646cd4d2ca95,import
ec4e3e5f-ee80-43de-9677-db956f4ef89b,import
ec6e9f33-5a7d-40eb-bb48-1aeb4f519244,import
ee531262-9dec-44bf-8341-2eeb5f3d2a5a,import
f2c3f975-e7b1-45d2-8d36-4178811cad96,import
f39c236e-0322-4923-a073-ffb561b1ceaa,import
f4b34622-61f8-4ab5-97bb-cb1715cac391,import
